{"labels": [0, 3, 0, 3, 0, 3, 3, 3, 3, 3, 0, 0, 3, 0, 4, 3, 0, 0, 0, 9, 0, 0, 9, 0, 9, 3, 0, 9, 2, 0, 0, 0, 9, 0, 9, 9, 3, 9, 0, 9, 0, 9, 9, 0, 4, 9, 0, 0, 9, 1, 3, 3, 4, 9, 6, 0, 9, 6, 6, 9, 9, 7, 1, 0, 9, 2, 0, 0, 1, 9, 0, 9, 6, 0, 9, 9, 1, 9, 1, 0, 1, 9, 0, 9, 3, 9, 4, 1, 0, 1, 9, 1, 1, 9, 6, 1, 0, 1, 0, 9], "scores": [0.8985195755958557, 0.8590543866157532, 0.855798065662384, 0.8430421948432922, 0.8424393534660339, 0.8287062048912048, 0.8286746740341187, 0.8238270878791809, 0.8062385320663452, 0.803447961807251, 0.8018056750297546, 0.7986018061637878, 0.788984477519989, 0.7874236702919006, 0.7856653332710266, 0.7781539559364319, 0.7665963172912598, 0.7580071091651917, 0.7464812994003296, 0.7395818829536438, 0.734140157699585, 0.716586172580719, 0.711859405040741, 0.6963589787483215, 0.6890926957130432, 0.6820548176765442, 0.677356481552124, 0.6752018928527832, 0.6573101878166199, 0.6552645564079285, 0.6510946750640869, 0.6438550353050232, 0.6395859122276306, 0.6307026147842407, 0.630328893661499, 0.6169441938400269, 0.6169285774230957, 0.6107994318008423, 0.610568642616272, 0.6105028986930847, 0.6077805757522583, 0.6073721647262573, 0.6015312075614929, 0.5966957211494446, 0.5916567444801331, 0.5910624861717224, 0.5822724103927612, 0.5801061987876892, 0.575055718421936, 0.5640544891357422, 0.561942458152771, 0.5572807788848877, 0.5346947312355042, 0.5335094928741455, 0.5315864682197571, 0.5311755537986755, 0.5295860171318054, 0.5163640379905701, 0.51316237449646, 0.5126169323921204, 0.5125277042388916, 0.5077354907989502, 0.5058205723762512, 0.505016565322876, 0.5000905394554138, 0.5000590085983276, 0.4908585250377655, 0.48559948801994324, 0.485390841960907, 0.48427027463912964, 0.48315155506134033, 0.4825017750263214, 0.4546205997467041, 0.4466393291950226, 0.4451499879360199, 0.4428108036518097, 0.4419589042663574, 0.4404384195804596, 0.436063677072525, 0.4348406195640564, 0.4334876239299774, 0.43236398696899414, 0.4241649806499481, 0.4227279722690582, 0.42208564281463623, 0.4173884689807892, 0.41554033756256104, 0.41504207253456116, 0.4144880771636963, 0.41297343373298645, 0.4082883596420288, 0.4015846252441406, 0.4006674289703369, 0.4004139006137848, 0.4001457095146179, 0.39878755807876587, 0.395536869764328, 0.3955208361148834, 0.3934417963027954, 0.3916708528995514], "bboxes": [[584.3294677734375, 817.6773071289062, 606.8540649414062, 863.3511962890625], [898.824951171875, 563.9716796875, 995.2412719726562, 640.1105346679688], [361.39447021484375, 551.4500122070312, 383.27838134765625, 594.3446655273438], [662.8407592773438, 630.239013671875, 781.2220458984375, 731.6935424804688], [391.1042175292969, 720.4544067382812, 414.8010559082031, 768.190185546875], [558.2584228515625, 719.3450927734375, 687.7798461914062, 829.7410888671875], [627.7371215820312, 583.2701416015625, 724.5945434570312, 662.9373168945312], [292.63507080078125, 181.65496826171875, 372.8317565917969, 222.1627960205078], [1038.8848876953125, 429.00189208984375, 1155.17578125, 476.0983581542969], [1050.1109619140625, 464.92059326171875, 1170.3858642578125, 520.4044799804688], [333.57769775390625, 560.911865234375, 353.4783630371094, 595.3673095703125], [559.3641967773438, 924.5189819335938, 581.7659912109375, 972.5909423828125], [1053.310302734375, 523.3309936523438, 1144.7117919921875, 604.1469116210938], [366.0830078125, 722.3017578125, 389.46478271484375, 767.7855224609375], [949.9288940429688, 597.7103271484375, 1035.0877685546875, 687.783935546875], [21.155031204223633, 137.08900451660156, 98.08414459228516, 175.02403259277344], [861.2700805664062, 314.8692321777344, 875.1822509765625, 351.0577697753906], [1129.764892578125, 305.1070556640625, 1146.119873046875, 342.5001525878906], [231.29454040527344, 921.851318359375, 258.973388671875, 977.9978637695312], [885.0630493164062, 671.7847900390625, 918.776611328125, 715.669677734375], [559.2598266601562, 705.5198974609375, 582.5387573242188, 753.0729370117188], [179.66049194335938, 988.8305053710938, 225.38865661621094, 1036.946533203125], [268.1141052246094, 922.8748779296875, 321.2870178222656, 961.2026977539062], [800.6116333007812, 470.3523254394531, 814.21337890625, 506.2758483886719], [616.8533935546875, 399.0242004394531, 640.904541015625, 437.5794372558594], [392.73834228515625, 915.5171508789062, 550.5322265625, 1057.1646728515625], [407.96600341796875, 892.6386108398438, 431.8873291015625, 939.6139526367188], [886.7200927734375, 426.9158630371094, 925.88427734375, 454.3415832519531], [758.4802856445312, 838.9788208007812, 797.724853515625, 889.2210693359375], [1112.9046630859375, 307.4563293457031, 1127.3306884765625, 341.0190124511719], [210.1499786376953, 849.014404296875, 232.6598663330078, 893.71875], [1099.8016357421875, 278.22808837890625, 1113.235107421875, 310.125732421875], [1134.119384765625, 420.65997314453125, 1173.078369140625, 444.5671081542969], [998.0774536132812, 356.1925354003906, 1015.2684326171875, 394.8924255371094], [1142.1187744140625, 985.40283203125, 1195.222900390625, 1035.8343505859375], [803.4329833984375, 683.62744140625, 827.6109008789062, 746.2606811523438], [116.782958984375, 149.31744384765625, 182.34307861328125, 184.3752899169922], [258.54638671875, 682.9185791015625, 323.36761474609375, 718.6278686523438], [557.84619140625, 594.1756591796875, 577.4717407226562, 631.869384765625], [691.8790893554688, 287.5078125, 722.74951171875, 310.90887451171875], [1130.5755615234375, 276.02728271484375, 1143.790771484375, 309.7940673828125], [818.7391357421875, 459.77508544921875, 860.5818481445312, 490.7465515136719], [1148.357177734375, 364.755859375, 1178.1658935546875, 395.6457214355469], [1391.548095703125, 446.1361389160156, 1407.7781982421875, 477.9173889160156], [895.4783935546875, 671.8512573242188, 979.9775390625, 758.3646240234375], [718.0722045898438, 436.9042663574219, 757.26708984375, 467.1153869628906], [401.3634338378906, 865.7503662109375, 424.2445983886719, 909.8496704101562], [837.9640502929688, 251.2784881591797, 851.4511108398438, 282.54736328125], [318.0994567871094, 230.98956298828125, 341.98040771484375, 251.35374450683594], [866.91796875, 595.7305908203125, 885.8994140625, 632.8300170898438], [341.59228515625, 323.234619140625, 424.6398010253906, 372.8853454589844], [468.6616516113281, 213.77288818359375, 536.9699096679688, 256.1707458496094], [1565.801025390625, 455.92730712890625, 1674.9420166015625, 512.4649658203125], [148.0126190185547, 957.4030151367188, 197.157958984375, 990.9966430664062], [739.0467529296875, 919.8851318359375, 854.1395874023438, 997.5404663085938], [845.1148071289062, 884.598876953125, 869.7902221679688, 926.0840454101562], [637.8079223632812, 252.80393981933594, 664.854248046875, 277.34820556640625], [1032.755615234375, 380.49285888671875, 1100.8973388671875, 421.8426818847656], [747.9190063476562, 690.9241333007812, 801.1881713867188, 753.204833984375], [865.2528076171875, 607.259033203125, 888.6094970703125, 639.7077026367188], [857.4212646484375, 650.8862915039062, 877.5993041992188, 691.2645263671875], [741.4747314453125, 916.7228393554688, 854.1786499023438, 997.5519409179688], [858.1826782226562, 644.443115234375, 877.07861328125, 684.89501953125], [279.8916320800781, 980.5780639648438, 302.0965576171875, 1029.659423828125], [731.580078125, 271.6954650878906, 751.3117065429688, 299.4844665527344], [822.5879516601562, 399.7087707519531, 861.4564819335938, 424.94036865234375], [837.0455322265625, 326.3486022949219, 852.52734375, 355.80450439453125], [1125.3577880859375, 274.6083984375, 1141.4080810546875, 309.5185546875], [760.6875, 825.6315307617188, 782.45263671875, 870.8084106445312], [944.540283203125, 351.696533203125, 974.4935913085938, 379.2220764160156], [237.42738342285156, 864.8801879882812, 262.4747009277344, 897.637451171875], [405.84039306640625, 211.52943420410156, 429.13458251953125, 234.32077026367188], [856.1461791992188, 830.094482421875, 909.256591796875, 892.7586669921875], [1060.3294677734375, 323.0954895019531, 