{"labels": [3, 3, 3, 3, 0, 0, 0, 3, 4, 0, 3, 0, 0, 0, 0, 0, 3, 3, 0, 0, 3, 3, 3, 9, 0, 0, 0, 9, 0, 9, 0, 9, 9, 9, 0, 3, 9, 0, 3, 1, 1, 9, 6, 0, 0, 9, 9, 9, 0, 9, 9, 6, 9, 3, 0, 1, 9, 1, 9, 0, 6, 9, 3, 1, 3, 9, 9, 1, 9, 1, 9, 9, 0, 0, 1, 1, 1, 1, 1, 1, 9, 0, 0, 9, 9, 3, 9, 1, 1, 2, 9, 0, 0, 0, 1, 0, 1, 1, 0, 7], "scores": [0.7147501707077026, 0.6995944380760193, 0.6917940378189087, 0.6599066853523254, 0.6487563252449036, 0.6369431614875793, 0.6214762330055237, 0.620139479637146, 0.601920485496521, 0.5691243410110474, 0.5614977478981018, 0.5607664585113525, 0.5603713393211365, 0.5550540685653687, 0.5462879538536072, 0.545639157295227, 0.5272185802459717, 0.5182719230651855, 0.5163425207138062, 0.5057245492935181, 0.5023796558380127, 0.4891881048679352, 0.48819059133529663, 0.47623759508132935, 0.4743114411830902, 0.47410836815834045, 0.4584859311580658, 0.45802557468414307, 0.45351138710975647, 0.4466051161289215, 0.4426724910736084, 0.44217756390571594, 0.4342476427555084, 0.43103259801864624, 0.4252258241176605, 0.42463257908821106, 0.4241885542869568, 0.42164433002471924, 0.4147321581840515, 0.4138798415660858, 0.409227192401886, 0.40132737159729004, 0.40047532320022583, 0.3912249207496643, 0.39047887921333313, 0.389473557472229, 0.38404905796051025, 0.3834182024002075, 0.38039320707321167, 0.37346982955932617, 0.37322160601615906, 0.36942794919013977, 0.3692775368690491, 0.3682567775249481, 0.36737897992134094, 0.3650552034378052, 0.35977721214294434, 0.35930997133255005, 0.35803350806236267, 0.35723450779914856, 0.3541701138019562, 0.35125017166137695, 0.34941279888153076, 0.34358102083206177, 0.34356704354286194, 0.3431416451931, 0.3342225253582001, 0.33055365085601807, 0.3279898166656494, 0.3214724063873291, 0.32133254408836365, 0.32001546025276184, 0.31970924139022827, 0.31965184211730957, 0.3195069134235382, 0.3185398578643799, 0.31622985005378723, 0.31355002522468567, 0.31191369891166687, 0.3068753182888031, 0.30598336458206177, 0.30565905570983887, 0.30432167649269104, 0.30140554904937744, 0.300053209066391, 0.30002889037132263, 0.29981234669685364, 0.29566362500190735, 0.2953011393547058, 0.29216235876083374, 0.2916298508644104, 0.2900429368019104, 0.2896466851234436, 0.28913581371307373, 0.28776049613952637, 0.28745654225349426, 0.28677138686180115, 0.28280848264694214, 0.27912506461143494, 0.27584168314933777], "bboxes": [[628.8642578125, 582.4265747070312, 724.9707641601562, 662.080810546875], [899.5451049804688, 563.4689331054688, 996.4981079101562, 639.7322998046875], [1053.8157958984375, 521.3887939453125, 1144.25927734375, 604.5800170898438], [1050.4664306640625, 461.74053955078125, 1168.1575927734375, 520.1693725585938], [584.528564453125, 819.9721069335938, 607.0968627929688, 863.5552978515625], [359.8844909667969, 551.8222045898438, 384.7038269042969, 594.857177734375], [559.3198852539062, 704.9476318359375, 582.5901489257812, 752.0631713867188], [664.3632202148438, 628.4424438476562, 781.3311157226562, 731.0819702148438], [951.56787109375, 599.0856323242188, 1036.2254638671875, 685.3723754882812], [1129.441650390625, 307.1816101074219, 1146.4803466796875, 341.147705078125], [1039.4940185546875, 427.69256591796875, 1147.916259765625, 475.5105895996094], [332.93096923828125, 561.9812622070312, 355.4306945800781, 595.489990234375], [390.98602294921875, 720.9077758789062, 414.7407531738281, 768.8735961914062], [365.934814453125, 721.47900390625, 388.0945739746094, 765.3892822265625], [800.0867919921875, 471.5955505371094, 814.4450073242188, 507.392822265625], [860.9998779296875, 314.2177429199219, 874.0650634765625, 348.2650146484375], [290.1656188964844, 180.86546325683594, 373.224365234375, 222.29684448242188], [21.78584861755371, 137.0374755859375, 98.96544647216797, 174.79159545898438], [1112.06689453125, 306.9626770019531, 1126.5845947265625, 340.95001220703125], [1391.343017578125, 446.38934326171875, 1409.1011962890625, 478.5920104980469], [557.5999145507812, 720.071533203125, 687.8539428710938, 827.1884155273438], [468.231689453125, 213.36341857910156, 536.3599243164062, 255.83575439453125], [115.99165344238281, 150.3870086669922, 183.2672119140625, 186.18434143066406], [1134.071533203125, 416.7538146972656, 1173.2801513671875, 444.751220703125], [837.0452880859375, 250.92819213867188, 851.8850708007812, 282.52471923828125], [400.4808349609375, 866.7988891601562, 421.9199523925781, 910.251708984375], [408.66046142578125, 891.2589111328125, 430.9156188964844, 942.4699096679688], [265.79962158203125, 918.5186767578125, 320.8232116699219, 960.7107543945312], [558.5443115234375, 925.0029907226562, 581.8991088867188, 972.6069946289062], [802.9481811523438, 695.1846313476562, 827.6792602539062, 746.2196044921875], [558.4962158203125, 593.5288696289062, 577.11669921875, 632.0983276367188], [718.6687622070312, 437.37591552734375, 757.476318359375, 466.9695129394531], [886.6007080078125, 428.9579162597656, 927.017822265625, 455.2719421386719], [884.54296875, 674.9639282226562, 918.12939453125, 715.4703369140625], [1351.981689453125, 400.3204345703125, 1369.497314453125, 433.4031677246094], [392.63079833984375, 917.8482666015625, 548.86181640625, 1050.8876953125], [615.7203369140625, 399.5610046386719, 642.2952270507812, 438.12933349609375], [1130.0545654296875, 279.57733154296875, 1144.7454833984375, 312.2578125], [69.97310638427734, 255.3018035888672, 195.6029510498047, 322.7669372558594], [760.1898193359375, 825.4690551757812, 782.7381591796875, 869.8180541992188], [858.493408203125, 644.6755981445312, 876.8766479492188, 681.2655639648438], [756.5062866210938, 835.4814453125, 797.7178955078125, 887.9933471679688], [746.884521484375, 691.1337890625, 799.3261108398438, 750.1119995117188], [998.1414184570312, 357.09478759765625, 1014.8905029296875, 392.1821594238281], [170.55995178222656, 373.5867004394531, 194.6243133544922, 419.11993408203125], [818.5137939453125, 459.6175231933594, 859.6483764648438, 490.2480773925781], [896.8541870117188, 563.59228515625, 933.0914306640625, 593.9493408203125], [637.2445678710938, 252.7083740234375, 664.6156005859375, 277.6068115234375], [1461.026611328125, 416.74957275390625, 1475.133056640625, 447.89923095703125], [857.8402709960938, 655.2037963867188, 877.6904296875, 691.0226440429688], [833.5255737304688, 346.3580322265625, 863.2127075195312, 372.193115234375], [740.94921875, 915.7623291015625, 856.2210693359375, 996.6105346679688], [318.8032531738281, 229.03189086914062, 341.94073486328125, 250.44418334960938], [1138.855712890625, 545.7732543945312, 1220.7059326171875, 608.2620849609375], [230.31686401367188, 920.9605712890625, 258.2857971191406, 972.7723999023438], [845.9091186523438, 883.82666015625, 870.2157592773438, 924.0653076171875], [405.7684326171875, 211.7213897705078, 429.8981628417969, 234.849609375], [805.8377075195312, 683.962890625, 826.2384033203125, 720.8639526367188], [865.3663940429688, 607.41455078125, 887.146728515625, 640.1126708984375], [1098.94970703125, 277.93609619140625, 1113.087158203125, 309.2740783691406], [1033.7239990234375, 377.448974609375, 1103.11669921875, 421.727783203125], [242.1742706298828, 351.210205078125, 296.8719787597656, 385.6776123046875], [1573.2637939453125, 464.816650390625, 1674.66943359375, 510.29150390625], [866.6433715820312, 595.38037109375, 886.1709594726562, 631.1776123046875], [895.402587890625, 678.0387573242188, 983.979248046875, 756.7888793945312], [951.9317016601562, 320.8607177734375, 987.066650390625, 350.85888671875], [768.0120239257812, 284.7838439941406, 786.4561157226562, 312.650146484375], [908.147705078125, 552.6597290039062, 928.03955078125, 585.1832885742188], [941.6677856445312, 348.3104553222656, 975.1051025390625, 378.3704833984375], [235.78567504882812, 865.1229858398438, 260.6551818847656, 900.5787963867188], [729.4623413085938, 270.9681091308594, 751.6552734375, 299.593994140625], [257.64453125, 679.8727416992188, 311.60223388671875, 717.0751953125], [729.807861328125, 237.24925231933594, 743.4024658203125, 