{"labels": [3, 3, 3, 3, 3, 0, 0, 0, 4, 3, 3, 3, 3, 0, 0, 9, 3, 0, 3, 0, 0, 9, 0, 0, 0, 0, 9, 6, 9, 3, 9, 0, 6, 1, 1, 9, 9, 0, 9, 0, 6, 1, 1, 0, 9, 9, 7, 3, 9, 1, 0, 1, 0, 0, 3, 0, 1, 0, 9, 1, 9, 2, 1, 3, 1, 0, 1, 1, 9, 9, 0, 9, 1, 1, 9, 9, 6, 9, 0, 0, 0, 9, 1, 9, 7, 6, 1, 2, 1, 9, 1, 7, 0, 0, 9, 1, 9, 7, 9, 7], "scores": [0.9019721746444702, 0.8447145819664001, 0.8342077136039734, 0.8304652571678162, 0.819574236869812, 0.8178920745849609, 0.8050660490989685, 0.7897868752479553, 0.7871514558792114, 0.7834327220916748, 0.7734351754188538, 0.7712684869766235, 0.7612212300300598, 0.7580552101135254, 0.7577110528945923, 0.7525153756141663, 0.7343108057975769, 0.7094378471374512, 0.7077999711036682, 0.6862087249755859, 0.6847070455551147, 0.6779965758323669, 0.6736407279968262, 0.6674686670303345, 0.6660082936286926, 0.6550529599189758, 0.6467775106430054, 0.6374186873435974, 0.6298661828041077, 0.620806872844696, 0.6207207441329956, 0.6134775876998901, 0.6117522120475769, 0.592388391494751, 0.5909185409545898, 0.5850458145141602, 0.5814433097839355, 0.5779121518135071, 0.5653208494186401, 0.5567204356193542, 0.555213212966919, 0.5527454018592834, 0.5477737188339233, 0.5440446138381958, 0.5376885533332825, 0.5373137593269348, 0.5357351303100586, 0.5277388095855713, 0.5224580764770508, 0.516028881072998, 0.5143961310386658, 0.5140091180801392, 0.5120957493782043, 0.5083843469619751, 0.49216821789741516, 0.4910101890563965, 0.4879288971424103, 0.4841375946998596, 0.4779094457626343, 0.47261708974838257, 0.4723382592201233, 0.47069668769836426, 0.46445432305336, 0.45608198642730713, 0.449898898601532, 0.44686174392700195, 0.4253126382827759, 0.4211689829826355, 0.4194485545158386, 0.4191487431526184, 0.41794392466545105, 0.41750967502593994, 0.41617459058761597, 0.41604557633399963, 0.4137170612812042, 0.4108523726463318, 0.41031426191329956, 0.4064856171607971, 0.40641993284225464, 0.4052552282810211, 0.4046706557273865, 0.40233951807022095, 0.39760032296180725, 0.39757564663887024, 0.39683037996292114, 0.39453834295272827, 0.3924010097980499, 0.38407665491104126, 0.38321438431739807, 0.3802410364151001, 0.37948718667030334, 0.37807103991508484, 0.37391453981399536, 0.37174564599990845, 0.3710397481918335, 0.3673892319202423, 0.36403802037239075, 0.3636188507080078, 0.36154311895370483, 0.3574674129486084], "bboxes": [[663.0180053710938, 627.975830078125, 780.9876708984375, 731.5280151367188], [899.1746826171875, 564.19287109375, 996.026123046875, 639.3021850585938], [628.2635498046875, 582.5399169921875, 724.8289794921875, 662.1915893554688], [292.1845703125, 181.4717559814453, 372.8682861328125, 222.10072326660156], [1053.605224609375, 522.1187133789062, 1142.6693115234375, 606.2649536132812], [391.8135070800781, 721.19775390625, 414.19500732421875, 768.3257446289062], [334.19696044921875, 561.9268188476562, 354.721923828125, 595.2144775390625], [360.7388610839844, 550.843505859375, 383.72052001953125, 594.6278076171875], [949.2907104492188, 598.069580078125, 1035.1796875, 683.21875], [1050.5943603515625, 465.0365295410156, 1168.6231689453125, 521.0958251953125], [468.9442443847656, 213.9019012451172, 538.0243530273438, 255.5677032470703], [557.7240600585938, 718.7344970703125, 688.8223266601562, 829.58154296875], [18.575525283813477, 136.7859649658203, 98.55110168457031, 174.31446838378906], [583.6498413085938, 818.7392578125, 605.8241577148438, 862.845947265625], [558.866455078125, 705.26171875, 582.547119140625, 752.2763061523438], [616.5393676757812, 399.1972961425781, 641.5612182617188, 437.6886901855469], [389.7677001953125, 913.396484375, 549.8294067382812, 1053.99462890625], [1130.197509765625, 307.8905029296875, 1144.102294921875, 343.4345703125], [1039.769287109375, 429.1230163574219, 1159.399169921875, 478.586669921875], [408.15087890625, 891.1229858398438, 433.5926513671875, 947.4031372070312], [366.1293640136719, 722.3726806640625, 389.0309753417969, 766.5994873046875], [267.1603698730469, 917.0608520507812, 321.4029235839844, 960.9319458007812], [800.8890991210938, 471.83477783203125, 813.8285522460938, 506.003173828125], [1113.6610107421875, 306.5386047363281, 1128.01904296875, 341.0498046875], [860.5455932617188, 315.7132568359375, 874.316650390625, 350.0093994140625], [837.1290893554688, 251.77464294433594, 852.2471923828125, 282.5622253417969], [884.6721801757812, 677.0349731445312, 917.2476196289062, 715.0864868164062], [1032.325927734375, 377.3389587402344, 1101.960205078125, 421.08514404296875], [817.320556640625, 457.8288879394531, 860.4530029296875, 489.8078308105469], [116.43781280517578, 150.94642639160156, 181.4843292236328, 184.91397094726562], [1146.0294189453125, 985.4866943359375, 1199.5, 1039.48095703125], [556.2623901367188, 595.3317260742188, 576.5908813476562, 632.0584716796875], [739.3334350585938, 914.71923828125, 858.6768188476562, 999.708251953125], [857.56201171875, 645.4280395507812, 876.4832763671875, 682.8455810546875], [759.5805053710938, 825.2173461914062, 785.0001220703125, 872.2857666015625], [865.7886352539062, 608.30810546875, 886.416259765625, 639.4410400390625], [887.29345703125, 428.5006103515625, 926.4782104492188, 453.7975158691406], [231.57528686523438, 921.9996948242188, 256.00982666015625, 972.562255859375], [1133.0081787109375, 419.38177490234375, 1174.130859375, 445.0436096191406], [399.8524169921875, 864.8995971679688, 421.7845764160156, 910.4337768554688], [747.0929565429688, 690.2798461914062, 798.82666015625, 752.84521484375], [806.85888671875, 683.5726318359375, 826.0826416015625, 718.9744262695312], [866.3853759765625, 595.280029296875, 886.4697875976562, 629.3207397460938], [998.4970703125, 356.5064392089844, 1014.560546875, 393.86395263671875], [897.4061889648438, 563.1224365234375, 938.3095703125, 595.2554321289062], [319.5724792480469, 229.33616638183594, 342.1495056152344, 250.5601043701172], [1162.630859375, 330.4830017089844, 1196.8968505859375, 379.04925537109375], [100.40104675292969, 269.0161437988281, 194.28683471679688, 323.17987060546875], [802.5552978515625, 690.769775390625, 826.9554443359375, 746.0830078125], [320.63641357421875, 221.17184448242188, 340.0541687011719, 247.12840270996094], [559.5357055664062, 924.67236328125, 580.6848754882812, 969.6656494140625], [847.5972900390625, 884.5673828125, 869.8359375, 921.9326171875], [183.3340606689453, 989.583984375, 211.82644653320312, 1036.7718505859375], [837.4576416015625, 324.9158020019531, 853.9293823242188, 359.4177551269531], [1578.7132568359375, 465.89105224609375, 1674.468994140625, 510.3341369628906], [1390.1982421875, 445.55621337890625, 1408.02734375, 482.82562255859375], [888.7645874023438, 668.1619873046875, 913.1473999023438, 703.6748657226562], [1352.281982421875, 398.9668884277344, 1368.6978759765625, 433.053466796875], [1149.3543701171875, 365.218017578125, 1178.8350830078125, 395.6207580566406], [727.959228515625, 427.255859375, 742.9656372070312, 458.1761169433594], [725.8356323242188, 263.6793212890625, 751.6322021484375, 299.0889892578125], [758.4864501953125, 836.398681640625, 798.1471557617188, 888.1141357421875], [1151.19384765625, 409.8704833984375, 1169.21337890625, 438.2106018066406], [343.5616455078125, 323.7145690917969, 438.7462158203125, 373.53204345703125], [911.0701293945312, 553.1443481445312, 927.8367919921875, 584.0304565429688], [1101.0362548828125, 278.2018737792969, 1112.201171875, 308.8804626464844], [507.0320129394531, 852.133056640625, 529.35009765625, 891.1922607421875], [279.0987548828125, 981.132080078125, 303.3667297363281, 1028.28759765625], [971.1324462890625, 320.4117126464844, 987.235107421875, 349.71136474609375], [716.6394653320312, 438.3721618652344, 757.0499877929688, 466.9903869628906], [1459.760986328125, 405.4396057128906, 1479.198974609375, 447.6083068847656], [637.5711669921875, 250.41554260253906, 663.7156372070312, 277.6190185546875], [827.6504516601562, 444.26690673828125, 843.8338623046875, 476.0625], [680.906005859375, 971.4042358398438, 707.6233520507812, 