{"labels": [3, 3, 3, 3, 3, 4, 3, 3, 3, 0, 3, 3, 3, 0, 0, 3, 0, 0, 0, 6, 9, 3, 3, 0, 9, 4, 3, 0, 0, 0, 0, 9, 0, 3, 3, 9, 0, 0, 9, 0, 9, 9, 0, 2, 0, 9, 0, 3, 0, 3, 3, 9, 9, 0, 9, 0, 0, 9, 1, 2, 9, 9, 1, 9, 0, 0, 9, 9, 9, 0, 9, 0, 0, 0, 3, 3, 0, 9, 1, 3, 0, 6, 0, 3, 2, 3, 0, 9, 3, 9, 0, 5, 9, 0, 0, 0, 7, 9, 1, 6], "scores": [0.9015854597091675, 0.8893861770629883, 0.8859615325927734, 0.8780037760734558, 0.8731117844581604, 0.8684353828430176, 0.8595479726791382, 0.8417205214500427, 0.840288519859314, 0.8399049639701843, 0.8341532349586487, 0.8252537846565247, 0.8120351433753967, 0.7980586886405945, 0.7949251532554626, 0.7929643988609314, 0.7927584648132324, 0.7919507622718811, 0.7916123270988464, 0.7835232615470886, 0.7822561860084534, 0.7784448862075806, 0.7780807614326477, 0.777847945690155, 0.7689725756645203, 0.7641549110412598, 0.7590516805648804, 0.753786563873291, 0.7532474398612976, 0.7482157349586487, 0.7370056509971619, 0.7367519736289978, 0.7312836050987244, 0.728524923324585, 0.722156822681427, 0.7221217155456543, 0.7202088236808777, 0.7077118158340454, 0.7064188718795776, 0.7046725153923035, 0.7034283876419067, 0.6986069679260254, 0.6865149736404419, 0.6774300336837769, 0.6728594899177551, 0.6662051677703857, 0.6633588075637817, 0.6625374555587769, 0.6559579372406006, 0.6559027433395386, 0.6444689631462097, 0.6397787928581238, 0.6334682703018188, 0.6197461485862732, 0.6178414821624756, 0.6141542196273804, 0.6076512336730957, 0.6027596592903137, 0.5969159603118896, 0.5967059135437012, 0.5954840183258057, 0.5886753797531128, 0.573957622051239, 0.5708285570144653, 0.5687307715415955, 0.5686231255531311, 0.5648641586303711, 0.5646581053733826, 0.5595109462738037, 0.5567988157272339, 0.5565974712371826, 0.5524693131446838, 0.5457066297531128, 0.5445709228515625, 0.5386803150177002, 0.5356397032737732, 0.5355421304702759, 0.5342571139335632, 0.5294551253318787, 0.52181077003479, 0.5185449123382568, 0.5172560811042786, 0.5170440077781677, 0.516613245010376, 0.508749783039093, 0.5033829808235168, 0.503216028213501, 0.5000357627868652, 0.49354425072669983, 0.49345484375953674, 0.48927366733551025, 0.4834575653076172, 0.479358434677124, 0.47519221901893616, 0.47494590282440186, 0.474045068025589, 0.46989706158638, 0.46897315979003906, 0.46647676825523376, 0.4615507125854492], "bboxes": [[91.7447738647461, 647.179931640625, 326.6284484863281, 744.238525390625], [944.8090209960938, 414.41094970703125, 1072.16357421875, 491.1746826171875], [51.197669982910156, 234.94032287597656, 123.89075469970703, 289.0091857910156], [525.5003051757812, 302.4114685058594, 627.1458129882812, 357.0740051269531], [391.18109130859375, 273.7773132324219, 445.02392578125, 326.12445068359375], [502.7210998535156, 248.10401916503906, 581.7825927734375, 303.2703552246094], [1081.9544677734375, 415.45489501953125, 1183.3472900390625, 496.3178405761719], [1203.65771484375, 432.2366638183594, 1336.81591796875, 521.8596801757812], [-0.01854078657925129, 272.6014709472656, 73.61753845214844, 343.778076171875], [1188.96044921875, 341.489013671875, 1206.5118408203125, 383.3974304199219], [481.6904296875, 147.7994842529297, 517.1658325195312, 181.8809814453125], [477.46337890625, 174.82015991210938, 514.10693359375, 210.38037109375], [303.9818420410156, 42.02561950683594, 332.6353454589844, 65.80078125], [573.21875, 207.35873413085938, 584.397216796875, 238.91590881347656], [628.8455200195312, 256.222900390625, 645.951416015625, 293.00555419921875], [465.8708801269531, 207.72483825683594, 508.1097717285156, 253.8849639892578], [1175.8642578125, 347.9690246582031, 1190.267822265625, 379.9171447753906], [125.35762786865234, 396.5174560546875, 155.41714477539062, 448.31378173828125], [1099.218017578125, 378.8115539550781, 1115.28125, 421.3293762207031], [960.6683349609375, 645.2196655273438, 1082.3179931640625, 708.5003662109375], [1204.8831787109375, 287.36065673828125, 1230.1041259765625, 314.8341979980469], [533.8043823242188, 134.2001190185547, 604.1233520507812, 165.98870849609375], [687.4645385742188, 104.90148162841797, 753.015380859375, 131.0024871826172], [624.2924194335938, 64.70853424072266, 633.4478149414062, 89.4964828491211], [960.1582641601562, 281.6563720703125, 980.1470947265625, 311.5594482421875], [684.3247680664062, 31.468290328979492, 739.0142822265625, 58.2487678527832], [680.0009765625, 71.56004333496094, 733.5972290039062, 95.00289154052734], [1038.122314453125, 187.31625366210938, 1052.550537109375, 218.56175231933594], [615.080810546875, 67.44051361083984, 622.9237060546875, 89.72959899902344], [601.8582153320312, 222.51747131347656, 612.9232788085938, 260.3878173828125], [562.9430541992188, 204.12217712402344, 576.433349609375, 241.71482849121094], [1168.857666015625, 268.9099426269531, 1183.9051513671875, 299.1036376953125], [931.932861328125, 229.7534942626953, 943.954345703125, 263.786865234375], [841.3606567382812, 420.6838073730469, 969.9674682617188, 505.6036376953125], [486.33563232421875, 123.29936981201172, 514.2205200195312, 153.33802795410156], [1281.148193359375, 316.1251525878906, 1299.292236328125, 350.55322265625], [904.7886352539062, 154.9060516357422, 916.5569458007812, 187.64364624023438], [1312.693115234375, 444.3448791503906, 1334.813720703125, 492.9085998535156], [1119.4708251953125, 261.4989318847656, 1139.4246826171875, 294.7242126464844], [1143.9730224609375, 211.8556671142578, 1159.111328125, 245.41494750976562], [1122.2061767578125, 325.7817687988281, 1147.7509765625, 358.66485595703125], [736.3367309570312, 209.47149658203125, 763.8011474609375, 234.7639923095703], [811.4368286132812, 189.51075744628906, 822.6150512695312, 218.302734375], [1215.140380859375, 332.6780700683594, 1238.1297607421875, 364.736572265625], [949.2017822265625, 163.2586212158203, 960.5272827148438, 193.40838623046875], [1234.412109375, 291.487548828125, 1248.593994140625, 325.78857421875], [1009.43017578125, 318.7445068359375, 1023.348388671875, 343.87371826171875], [664.14599609375, 18.019704818725586, 710.8395385742188, 36.760597229003906], [630.5646362304688, 26.438247680664062, 638.6058349609375, 46.354331970214844], [695.89306640625, 92.89301300048828, 752.1112670898438, 117.92095947265625], [542.6826171875, 94.26214599609375, 613.3491821289062, 126.92060089111328], [1139.781494140625, 269.4755554199219, 1158.3670654296875, 298.2021179199219], [153.15464782714844, 361.4732360839844, 204.28408813476562, 397.0306701660156], [772.3771362304688, 173.95481872558594, 781.4957885742188, 202.1424560546875], [771.2947387695312, 262.5948486328125, 794.5018310546875, 293.5245056152344], [639.0960693359375, 8.304886817932129, 645.8011474609375, 26.794893264770508], [1060.549560546875, 313.7633056640625, 1077.1844482421875, 353.9322814941406], [319.2235412597656, 157.45394897460938, 330.5777587890625, 179.99496459960938], [168.27957153320312, 350.7832336425781, 189.9352264404297, 388.0505676269531], [889.4642333984375, 293.4647521972656, 916.1486206054688, 314.960205078125], [734.0321044921875, 184.28128051757812, 763.55419921875, 205.3700408935547], [1337.1116943359375, 288.057373046875, 1360.0489501953125, 316.8270568847656], [318.0036315917969, 150.95777893066406, 330.3442077636719, 173.2457275390625], [694.5098876953125, 141.25534057617188, 720.506591796875, 158.45062255859375], [622.0556640625, -0.28007081151008606, 628.9122924804688, 16.25044059753418], [735.2039794921875, 76.25360107421875, 743.6962890625, 97.09342193603516], [1099.572998046875, 285.62347412109375, 1116.863525390625, 315.85064697265625], [697.4519653320312, 192.17465209960938, 724.1787719726562, 214.02320861816406], [1265.2821044921875, 262.35028076171875, 1283.9580078125, 293.33575439453125], [1004.891845703125, 211.5262908935547, 1018.9459228515625, 247.81301879882812], [1106.8507080078125, 309.5351867675781, 1121.3896484375, 338.97821044921875], [743.8639526367188, 70.82990264892578, 754.0098266601562, 98.81480407714844], [978.3563232421875, 174.2080535888672, 990.6384887695312, 