{"labels": [3, 3, 3, 3, 3, 0, 3, 0, 3, 3, 3, 3, 3, 3, 3, 9, 3, 4, 0, 3, 0, 0, 4, 0, 3, 0, 9, 0, 3, 2, 0, 9, 0, 0, 5, 0, 9, 6, 0, 0, 9, 9, 9, 0, 9, 0, 1, 9, 0, 1, 9, 0, 9, 3, 0, 0, 3, 0, 9, 9, 9, 0, 3, 1, 9, 9, 3, 3, 2, 9, 1, 0, 7, 3, 4, 0, 1, 1, 9, 0, 9, 9, 2, 9, 2, 9, 9, 2, 0, 1, 0, 9, 9, 0, 4, 9, 1, 0, 9, 0], "scores": [0.9055452942848206, 0.8890748023986816, 0.8812727928161621, 0.8556536436080933, 0.8529084324836731, 0.8514378070831299, 0.8511257767677307, 0.8493252396583557, 0.8436339497566223, 0.8337560892105103, 0.8273442983627319, 0.814424991607666, 0.8123190402984619, 0.7798791527748108, 0.7793439030647278, 0.7692340612411499, 0.7656086683273315, 0.7616910934448242, 0.7599760293960571, 0.7491097450256348, 0.7378408908843994, 0.7256142497062683, 0.7188935279846191, 0.7104573249816895, 0.7025822401046753, 0.6999117136001587, 0.6719384789466858, 0.6702791452407837, 0.6603074669837952, 0.6597378253936768, 0.659012496471405, 0.6588019728660583, 0.6534363627433777, 0.6487458348274231, 0.64013671875, 0.6399405002593994, 0.628006100654602, 0.6275689005851746, 0.6271277070045471, 0.6224859952926636, 0.6207213401794434, 0.6200286746025085, 0.6095896363258362, 0.5966394543647766, 0.5914831161499023, 0.5894728302955627, 0.5893566608428955, 0.5828844904899597, 0.5808493494987488, 0.5670040845870972, 0.566964328289032, 0.5646882653236389, 0.561872124671936, 0.560254693031311, 0.5575692057609558, 0.5551299452781677, 0.5542609691619873, 0.5219583511352539, 0.5136238932609558, 0.5134047865867615, 0.5125662088394165, 0.5115497708320618, 0.5013338923454285, 0.49761682748794556, 0.4858280420303345, 0.4848216474056244, 0.4804258346557617, 0.4761556386947632, 0.4730472266674042, 0.4696636497974396, 0.4685238003730774, 0.46469077467918396, 0.46332669258117676, 0.45865702629089355, 0.4565398395061493, 0.4533049762248993, 0.45145997405052185, 0.4509131610393524, 0.4484340250492096, 0.4472375512123108, 0.44594961404800415, 0.44339197874069214, 0.43890345096588135, 0.4369974732398987, 0.4368802011013031, 0.4234815239906311, 0.4209735095500946, 0.4100900888442993, 0.4081628918647766, 0.4021589756011963, 0.3981846272945404, 0.3945122957229614, 0.39348462224006653, 0.39318159222602844, 0.3901176452636719, 0.38861122727394104, 0.3858174979686737, 0.3818679749965668, 0.3743092715740204, 0.37307825684547424], "bboxes": [[90.23674011230469, 646.9298095703125, 326.5434875488281, 745.0516357421875], [525.4700927734375, 303.9804382324219, 627.1311645507812, 356.444091796875], [944.8740234375, 414.1214904785156, 1072.5125732421875, 491.2601623535156], [391.32598876953125, 273.44305419921875, 445.3865966796875, 326.05712890625], [1082.08984375, 415.45166015625, 1183.161865234375, 497.307861328125], [1189.68310546875, 341.0362548828125, 1206.92578125, 383.40802001953125], [46.99998092651367, 235.23800659179688, 124.4568099975586, 290.13140869140625], [125.15412902832031, 396.7523193359375, 155.5124969482422, 447.7160339355469], [1204.266845703125, 434.2611389160156, 1336.9881591796875, 522.4387817382812], [-0.004017174709588289, 272.1618957519531, 73.95832061767578, 344.0795593261719], [535.6397094726562, 135.2233123779297, 602.83740234375, 164.83651733398438], [477.1468505859375, 175.49742126464844, 511.6831359863281, 211.2537384033203], [304.1279602050781, 42.669578552246094, 332.6838684082031, 66.16584014892578], [841.9820556640625, 420.1397399902344, 969.3238525390625, 506.7380065917969], [482.4884033203125, 148.6870880126953, 515.8594360351562, 180.90171813964844], [154.60658264160156, 363.7458190917969, 204.48583984375, 396.6889343261719], [464.834228515625, 207.9717559814453, 507.7197570800781, 254.2037353515625], [502.6071472167969, 247.6200408935547, 582.0587768554688, 302.8147277832031], [1175.8321533203125, 348.03497314453125, 1189.8756103515625, 380.0161437988281], [486.9409484863281, 123.29839324951172, 514.4895629882812, 149.76910400390625], [562.8342895507812, 205.3356475830078, 575.6415405273438, 240.0745086669922], [1099.276611328125, 378.5142517089844, 1115.178955078125, 421.8173522949219], [685.4766845703125, 31.08318328857422, 737.5377197265625, 57.49885559082031], [627.9319458007812, 255.79696655273438, 645.6407470703125, 293.0329284667969], [687.859130859375, 104.98523712158203, 751.336669921875, 131.75021362304688], [573.2000122070312, 206.93006896972656, 583.5872192382812, 239.0524444580078], [1205.0394287109375, 288.7658386230469, 1228.2099609375, 314.885986328125], [1038.1844482421875, 186.9559326171875, 1052.2032470703125, 218.2201385498047], [680.3784790039062, 69.7112045288086, 740.6552124023438, 94.73413848876953], [1214.55908203125, 336.4628601074219, 1237.1630859375, 365.0603942871094], [1144.805419921875, 212.69798278808594, 1158.64404296875, 244.39244079589844], [1139.4976806640625, 270.2728271484375, 1157.7205810546875, 298.0829162597656], [772.46923828125, 174.11373901367188, 781.5355834960938, 202.94749450683594], [812.3412475585938, 190.7274627685547, 822.528076171875, 218.6822967529297], [780.627685546875, 248.4457550048828, 909.9570922851562, 368.7506408691406], [1004.6697998046875, 211.59393310546875, 1019.15087890625, 247.06610107421875], [1281.137451171875, 316.4340515136719, 1298.592529296875, 351.0207214355469], [960.8248901367188, 646.9175415039062, 1082.37548828125, 709.4458618164062], [601.7742309570312, 219.99273681640625, 613.1939086914062, 260.8519287109375], [930.3037109375, 227.42503356933594, 943.0613403320312, 263.293212890625], [1169.107421875, 268.3758850097656, 1184.2923583984375, 298.3145751953125], [436.6800842285156, 730.8751831054688, 502.834228515625, 765.4490966796875], [1119.2012939453125, 263.6521301269531, 1139.7276611328125, 293.77337646484375], [902.5950927734375, 153.8787078857422, 917.5093994140625, 188.57827758789062], [1234.4571533203125, 292.6183166503906, 1248.28955078125, 325.6719970703125], [1311.968994140625, 444.0366516113281, 1336.10546875, 499.3110656738281], [166.4119110107422, 351.00714111328125, 188.9456024169922, 391.9884948730469], [960.3157348632812, 282.1372985839844, 978.7021484375, 311.6568603515625], [1010.0650024414062, 319.0563659667969, 1022.7694702148438, 343.2616882324219], [449.4666442871094, 717.7272338867188, 484.7073059082031, 765.0008544921875], [713.2783813476562, 328.35760498046875, 741.1981201171875, 373.5017395019531], [625.234619140625, 65.3047866821289, 632.8338012695312, 86.93217468261719], [319.2701416015625, 157.47178649902344, 330.6054382324219, 179.97177124023438], [665.4814453125, 20.85987091064453, 713.2968139648438, 37.834678649902344], [948.8554077148438, 161.20594787597656, 960.8790283203125, 192.8643798828125], [615.9267578125, 67.4222412109375, 622.7244873046875, 87.02766418457031], [698.8670043945312, 93.60804748535156, 751.8634033203125, 116.270263671875], [983.3287353515625, 238.49627685546875, 999.49072265625, 274.5736389160156], [649.08544921875, 197.39755249023438, 669.6288452148438, 224.57554626464844], [1099.8209228515625, 290.4540710449219, 1116.021484375, 316.1656188964844], [1107.0721435546875, 312.5473327636719, 1122.2314453125, 338.6142883300781], [1060.441162109375, 314.8760986328125, 1077.114990234375, 355.1392822265625], [656.7925415039062, 9.802163124084473, 698.3720703125, 27.213716506958008], [318.5530700683594, 151.1422576904297, 330.4549865722656, 172.4117431640625], [1336.8328857421875, 286.8944396972656, 1359.41650390625, 314.6016540527344], [1121.8758544921875, 325.1020812988281, 1147.16845703125, 358.8786926269531], [660.6421508789062, 14.91071891784668, 704.0809326171875, 30.93838882446289], [651.0294799804688, 0.36668869853019714, 695.7402954101562, 15.964569091796875], [890.572998046875, 288.2850646972656, 917.3277587890625, 315.4303894042969], [770.489013671875, 262.25726318359375, 794.6783447265625, 294.3272399902344], [997.7562866210938, 645.3228759765625, 1029.7528076171875, 693.3229370117188], [1001.1297607421875, 180.5222625732422, 1017.1058959960938, 214.33822631835938], [656.5089111328125, 299.5244140625, 696.4251098632812, 