{"labels": [3, 3, 4, 0, 0, 3, 3, 3, 9, 0, 0, 0, 3, 3, 0, 9, 0, 0, 0, 2, 9, 0, 9, 3, 3, 0, 0, 0, 0, 0, 9, 9, 0, 0, 6, 9, 3, 0, 3, 1, 9, 6, 9, 9, 1, 3, 0, 1, 6, 3, 0, 0, 9, 0, 9, 0, 9, 1, 9, 0, 9, 9, 9, 9, 1, 1, 2, 1, 9, 3, 1, 6, 1, 9, 9, 0, 1, 1, 1, 1, 1, 1, 0, 0, 1, 9, 6, 9, 6, 9, 1, 9, 1, 9, 1, 1, 9, 1, 1, 9], "scores": [0.8798550367355347, 0.8773596882820129, 0.8571845293045044, 0.8517767190933228, 0.8450227975845337, 0.8323380947113037, 0.8316624760627747, 0.8314045071601868, 0.8224862217903137, 0.8095381259918213, 0.8060978055000305, 0.8050583004951477, 0.7960456013679504, 0.7943673133850098, 0.7776323556900024, 0.7768902778625488, 0.7542065978050232, 0.7509200572967529, 0.7360815405845642, 0.7329027652740479, 0.7318321466445923, 0.7288679480552673, 0.7277909517288208, 0.7267414331436157, 0.7250564098358154, 0.7240056991577148, 0.7215547561645508, 0.7101660966873169, 0.7070878148078918, 0.7026781439781189, 0.6959227919578552, 0.6805186867713928, 0.6800178289413452, 0.6789612174034119, 0.6665892601013184, 0.6578884720802307, 0.6572989821434021, 0.6499062776565552, 0.64778733253479, 0.647089958190918, 0.6423726081848145, 0.6352212429046631, 0.633678674697876, 0.6227560639381409, 0.6224440336227417, 0.6188088655471802, 0.6186093688011169, 0.6162389516830444, 0.6147050857543945, 0.6052648425102234, 0.6025431156158447, 0.6016984581947327, 0.5985605120658875, 0.5968707799911499, 0.5931589603424072, 0.5907055735588074, 0.5862354636192322, 0.5861022472381592, 0.5836441516876221, 0.5830436944961548, 0.5767216086387634, 0.5744245052337646, 0.570145308971405, 0.5676200985908508, 0.5671401619911194, 0.558032214641571, 0.5551528334617615, 0.5504980087280273, 0.5460736155509949, 0.5421426296234131, 0.5372559428215027, 0.5369477868080139, 0.5366389751434326, 0.5336788296699524, 0.5309053063392639, 0.5237492322921753, 0.5188043117523193, 0.5143311023712158, 0.502331018447876, 0.49877598881721497, 0.4909519553184509, 0.4908531606197357, 0.4878677725791931, 0.47128307819366455, 0.47042742371559143, 0.4685807228088379, 0.46816933155059814, 0.4654337763786316, 0.46536707878112793, 0.464432030916214, 0.4612559676170349, 0.4581195116043091, 0.4558213949203491, 0.4526713192462921, 0.4496455490589142, 0.44869792461395264, 0.4479660093784332, 0.44179046154022217, 0.43226611614227295, 0.42932745814323425], "bboxes": [[662.647216796875, 629.908447265625, 781.67822265625, 731.461669921875], [899.7592163085938, 564.4346313476562, 995.4505615234375, 640.1358642578125], [949.221435546875, 598.3579711914062, 1035.7296142578125, 683.3468017578125], [583.71484375, 816.920654296875, 607.1995239257812, 863.6900634765625], [558.9129638671875, 706.001220703125, 581.0753784179688, 752.2492065429688], [1041.0655517578125, 427.5220642089844, 1156.309326171875, 477.2702331542969], [556.9281616210938, 718.745849609375, 688.0524291992188, 829.0044555664062], [1051.0631103515625, 464.6182861328125, 1170.81787109375, 520.4723510742188], [617.157958984375, 399.8415832519531, 641.7374877929688, 438.09930419921875], [559.1738891601562, 924.161865234375, 582.3759155273438, 972.1911010742188], [333.6215515136719, 561.7056274414062, 353.97314453125, 594.6124267578125], [360.9896240234375, 551.4662475585938, 383.59942626953125, 594.5521240234375], [292.2221374511719, 181.75889587402344, 372.6913146972656, 222.1148681640625], [627.1998901367188, 582.5401611328125, 724.0017700195312, 663.6848754882812], [391.66021728515625, 720.7918090820312, 414.0627746582031, 767.236328125], [884.2951049804688, 671.8968505859375, 918.1953735351562, 714.93212890625], [861.2015380859375, 315.353271484375, 874.5764770507812, 350.0662841796875], [1129.975341796875, 305.5581359863281, 1145.6563720703125, 342.2688903808594], [366.0757751464844, 721.9496459960938, 389.2838134765625, 766.9812622070312], [757.4470825195312, 838.9843139648438, 798.7747192382812, 888.7958374023438], [887.0194091796875, 428.6410217285156, 926.6657104492188, 454.038330078125], [837.8060302734375, 251.55992126464844, 851.4725952148438, 282.1875305175781], [718.58203125, 437.2305603027344, 757.2942504882812, 467.501953125], [468.85784912109375, 214.027587890625, 537.1981201171875, 254.74114990234375], [1052.998779296875, 522.9288330078125, 1144.0244140625, 605.3898315429688], [998.3786010742188, 355.7672119140625, 1014.9465942382812, 394.5674133300781], [800.2571411132812, 470.8453369140625, 815.3912963867188, 506.93572998046875], [408.6306457519531, 892.0865478515625, 430.8339538574219, 939.243896484375], [1112.896728515625, 306.9285888671875, 1126.899658203125, 341.2666320800781], [1390.6153564453125, 445.11566162109375, 1407.808349609375, 477.40887451171875], [256.823486328125, 681.8430786132812, 323.9554138183594, 718.6600341796875], [1134.3514404296875, 418.66094970703125, 1172.918212890625, 443.9413146972656], [178.0936737060547, 987.4005126953125, 225.42208862304688, 1035.739501953125], [231.35858154296875, 921.8545532226562, 259.52618408203125, 979.0447998046875], [747.0059204101562, 689.138671875, 800.1884765625, 753.3701782226562], [897.42529296875, 562.6307373046875, 935.8803100585938, 593.084228515625], [21.46738052368164, 137.6832275390625, 98.49280548095703, 174.68569946289062], [1100.4520263671875, 278.8196716308594, 1112.6162109375, 309.88604736328125], [100.9228515625, 266.3620910644531, 195.24481201171875, 323.0111083984375], [858.2750854492188, 645.3101806640625, 876.9452514648438, 681.135498046875], [268.6396179199219, 924.7374877929688, 322.43914794921875, 960.9007568359375], [1033.033935546875, 381.799560546875, 1101.1553955078125, 421.5823974609375], [317.9443054199219, 230.5986785888672, 342.1591796875, 250.0911102294922], [818.1920166015625, 455.791748046875, 859.7965698242188, 491.5693359375], [866.8886108398438, 595.5725708007812, 887.55126953125, 633.0385131835938], [892.9933471679688, 673.98046875, 983.2425537109375, 758.2813110351562], [1131.9051513671875, 279.0781555175781, 1144.2864990234375, 312.03631591796875], [908.4191284179688, 552.5432739257812, 927.7359008789062, 588.1047973632812], [743.4921875, 916.017822265625, 855.1509399414062, 997.7013549804688], [117.29581451416016, 149.9629669189453, 183.2930450439453, 185.6077880859375], [837.9209594726562, 325.3607177734375, 853.1209716796875, 359.9171447753906], [486.5993347167969, 857.7246704101562, 507.5317077636719, 905.7965698242188], [801.7955322265625, 685.4847412109375, 827.72509765625, 746.748779296875], [402.5273742675781, 865.4281005859375, 425.6628112792969, 913.9384155273438], [1428.042236328125, 446.0567626953125, 1462.828125, 475.8999938964844], [699.4031372070312, 975.5235595703125, 723.2169189453125, 1034.6722412109375], [1143.143310546875, 984.8147583007812, 1194.4677734375, 1035.6063232421875], [847.4285888671875, 376.1374816894531, 868.6096801757812, 401.99249267578125], [866.046630859375, 606.0909423828125, 887.866455078125, 640.0932006835938], [729.5776977539062, 235.79930114746094, 741.79052734375, 262.9044189453125], [731.2468872070312, 272.0428161621094, 752.1248168945312, 299.59228515625], [833.92041015625, 347.78997802734375, 863.6600952148438, 371.2748107910156], [638.9869384765625, 256.73748779296875, 664.5513305664062, 277.2909851074219], [1395.4774169921875, 373.07440185546875, 1427.8599853515625, 401.3546142578125], [728.350830078125, 426.7628479003906, 746.0621948242188, 460.0542297363281], [802.7523803710938, 684.8379516601562, 825.4821166992188, 725.6669311523438], [556.186279296875, 601.3895874023438, 577.7366333007812, 633.6341552734375], [324.1539306640625, 221.86167907714844, 337.3839416503906, 247.18443298339844], [857.2667236328125, 655.7238159179688, 878.8134765625, 690.8509521484375], [385.403564453125, 915.7494506835938, 550.6625366210938, 1059.607177734375], [558.7451782226562, 593.4690551757812, 576.620361328125, 628.1743774414062], [455.1435852050781, 851.4718627929688, 530.9942626953125, 898.3909301757812], [236.1190948486328, 864.7969970703125, 263.73388671875, 898.47119140625], [405.839599609375, 