{"labels": [3, 3, 3, 3, 3, 3, 0, 0, 0, 3, 3, 0, 0, 3, 0, 4, 9, 0, 9, 0, 0, 0, 2, 0, 9, 0, 0, 3, 3, 9, 3, 0, 0, 9, 0, 3, 9, 9, 9, 1, 9, 9, 9, 9, 1, 0, 1, 1, 6, 9, 9, 0, 9, 6, 9, 0, 9, 0, 9, 9, 9, 1, 1, 0, 9, 9, 9, 1, 0, 1, 9, 0, 6, 0, 9, 0, 0, 9, 1, 1, 9, 0, 1, 1, 0, 1, 1, 9, 9, 8, 9, 1, 0, 0, 1, 3, 9, 1, 0, 1], "scores": [0.886298418045044, 0.8723390698432922, 0.8679568767547607, 0.861232340335846, 0.8494560122489929, 0.8375751972198486, 0.8286723494529724, 0.821088433265686, 0.7960802316665649, 0.7955868244171143, 0.785611093044281, 0.7843449711799622, 0.7815277576446533, 0.776428759098053, 0.771467387676239, 0.7644226551055908, 0.7618734836578369, 0.7524442076683044, 0.7390557527542114, 0.7289857268333435, 0.7285553216934204, 0.7255451679229736, 0.7253209948539734, 0.7217162251472473, 0.7158612012863159, 0.7089326977729797, 0.7081136107444763, 0.7039583325386047, 0.6845954060554504, 0.684451699256897, 0.6823025345802307, 0.6724001169204712, 0.6717708110809326, 0.6693594455718994, 0.6691517233848572, 0.6592515707015991, 0.6563921570777893, 0.6513079404830933, 0.6461606025695801, 0.6442744135856628, 0.6388172507286072, 0.6314111351966858, 0.6275576949119568, 0.6272823810577393, 0.6241390705108643, 0.6218623518943787, 0.6207587718963623, 0.6172623634338379, 0.616179347038269, 0.6150479316711426, 0.6130491495132446, 0.6122184991836548, 0.6052649021148682, 0.6050423383712769, 0.6045783758163452, 0.588383674621582, 0.5869355201721191, 0.5842836499214172, 0.5792286396026611, 0.5785750150680542, 0.5732098817825317, 0.5693703889846802, 0.564410924911499, 0.563549816608429, 0.5572628974914551, 0.5560882687568665, 0.5529650449752808, 0.5433386564254761, 0.5425897836685181, 0.5421009659767151, 0.5372030138969421, 0.537194013595581, 0.5370950698852539, 0.5328069925308228, 0.5317328572273254, 0.5263295769691467, 0.522743284702301, 0.5203006863594055, 0.5138508081436157, 0.5099185705184937, 0.5094959139823914, 0.5029537081718445, 0.5010319948196411, 0.49728259444236755, 0.4870215654373169, 0.4859571158885956, 0.4853939116001129, 0.48467424511909485, 0.4785573482513428, 0.47808361053466797, 0.46947726607322693, 0.46555760502815247, 0.46510523557662964, 0.46492281556129456, 0.46106746792793274, 0.45816242694854736, 0.45742931962013245, 0.4456145167350769, 0.4449109733104706, 0.44300249218940735], "bboxes": [[899.5255126953125, 564.6920776367188, 994.7919311523438, 640.214111328125], [664.0960693359375, 629.6792602539062, 781.59716796875, 730.5403442382812], [293.06207275390625, 181.4418487548828, 372.4620361328125, 222.10842895507812], [628.1011962890625, 583.2058715820312, 723.9113159179688, 663.6827392578125], [1049.884521484375, 464.2298583984375, 1170.288330078125, 518.7599487304688], [557.7092895507812, 718.3643798828125, 688.3549194335938, 828.850830078125], [558.6393432617188, 924.43212890625, 582.3779907226562, 972.4553833007812], [584.3052368164062, 818.2142944335938, 606.5867309570312, 863.6287841796875], [333.9118957519531, 561.8521118164062, 353.4468688964844, 595.576416015625], [1039.585693359375, 429.9194641113281, 1156.34375, 475.4798278808594], [468.9162902832031, 214.4744873046875, 536.5593872070312, 255.18101501464844], [361.30902099609375, 551.6419067382812, 383.66583251953125, 595.3773803710938], [391.43389892578125, 720.6533203125, 414.23956298828125, 767.3272094726562], [19.77312469482422, 137.46063232421875, 98.25391387939453, 174.54185485839844], [559.3590698242188, 705.59619140625, 582.1487426757812, 751.8809204101562], [949.9368896484375, 599.1057739257812, 1035.008544921875, 683.7293090820312], [897.8688354492188, 563.5814819335938, 933.5040283203125, 592.465576171875], [1130.5916748046875, 305.9371337890625, 1145.8709716796875, 342.0282897949219], [616.6389770507812, 399.7436828613281, 641.1546020507812, 437.85205078125], [408.1556701660156, 889.9246215820312, 431.99993896484375, 939.8954467773438], [365.7660217285156, 721.5826416015625, 388.89892578125, 764.98388671875], [861.3403930664062, 315.1190490722656, 873.7332153320312, 349.5566711425781], [759.0501708984375, 839.1985473632812, 798.681884765625, 888.6966552734375], [837.4465942382812, 251.56927490234375, 850.9986572265625, 282.4589538574219], [885.1830444335938, 672.6858520507812, 918.7440185546875, 714.795166015625], [998.3539428710938, 356.30810546875, 1014.9657592773438, 394.6790771484375], [800.47607421875, 470.5303955078125, 815.228515625, 507.00518798828125], [1052.98291015625, 522.3582153320312, 1144.4261474609375, 604.8389282226562], [394.7252197265625, 915.230712890625, 551.5567016601562, 1055.8642578125], [318.2124938964844, 231.0028076171875, 341.41595458984375, 250.29600524902344], [116.45967864990234, 150.0983123779297, 182.24583435058594, 183.77139282226562], [1112.8560791015625, 307.1828308105469, 1126.7548828125, 343.07843017578125], [177.32838439941406, 987.9966430664062, 226.41807556152344, 1035.7685546875], [718.7893676757812, 438.76885986328125, 757.0066528320312, 467.63043212890625], [1099.920654296875, 278.4952697753906, 1112.365478515625, 309.7091369628906], [894.5197143554688, 674.522216796875, 988.6539306640625, 757.4201049804688], [818.7259521484375, 458.7293701171875, 859.2940673828125, 491.8814697265625], [866.272216796875, 605.8870239257812, 887.49853515625, 639.5635986328125], [266.7066650390625, 927.3187255859375, 321.4731140136719, 960.1251220703125], [858.2341918945312, 646.0274047851562, 877.84521484375, 681.6009521484375], [888.1077880859375, 427.8873596191406, 926.419189453125, 453.8069152832031], [833.928466796875, 343.6121826171875, 863.8004150390625, 371.2228088378906], [257.1242980957031, 683.1318359375, 322.17779541015625, 719.9976806640625], [733.06640625, 274.71600341796875, 751.676025390625, 299.84515380859375], [804.5219116210938, 684.6226806640625, 826.1947021484375, 727.6568603515625], [1390.3623046875, 445.2312927246094, 1408.001708984375, 477.2807312011719], [906.8380737304688, 553.2130737304688, 927.451904296875, 587.790283203125], [844.79736328125, 883.4878540039062, 869.8618774414062, 926.7775268554688], [740.1697998046875, 915.8460083007812, 855.580322265625, 997.9452514648438], [803.5449829101562, 688.6560668945312, 827.1995849609375, 746.501220703125], [1133.92822265625, 420.3534240722656, 1171.95458984375, 444.9892272949219], [230.940673828125, 921.78564453125, 258.6031494140625, 979.438720703125], [638.7964477539062, 257.09661865234375, 663.9778442382812, 277.4573669433594], [747.163330078125, 690.8814086914062, 800.6426391601562, 752.6656494140625], [406.18377685546875, 211.35995483398438, 429.39306640625, 234.65525817871094], [401.1380920410156, 865.22021484375, 423.2444152832031, 915.8665161132812], [398.19384765625, 168.5154266357422, 421.6358337402344, 187.90240478515625], [1131.9901123046875, 279.4242248535156, 1143.949951171875, 311.0134582519531], [17.31577491760254, 156.5933837890625, 38.989559173583984, 183.0918731689453], [857.0391235351562, 654.8587646484375, 878.5150146484375, 690.8311767578125], [1148.2257080078125, 368.37548828125, 1176.7921142578125, 396.1087951660156], [867.545654296875, 595.628662109375, 887.0946044921875, 632.3911743164062], [236.68734741210938, 865.3427124023438, 263.2118835449219, 898.6939086914062], [682.5538330078125, 971.0938110351562, 707.355712890625, 1024.61083984375], [942.2216796875, 352.861328125, 974.6277465820312, 378.2132263183594], [246.87025451660156, 352.9930725097656, 290.0270690917969, 384.1946716308594], [767.8645629882812, 283.5940246582031, 785.7764892578125, 312.2767333984375], [759.71142578125, 825.4281005859375, 784.7913208007812, 875.52392578125], [699.3425903320312, 976.546630859375, 724.1166381835938, 1035.5240478515625], [892.5637817382812, 668.7463989257812, 915.773681640625, 700.6970825195312], [149.0244140625, 960.7599487304688, 196.0281982421875, 988.066650390625], [209.96128845214844, 849.3136596679688, 234.02899169921875, 893.3495483398438], [1032.242431640625, 379.4443664550781, 1102.07373046875, 421.769775390625], [837.9539184570312, 325.427734375, 