{"labels": [3, 3, 3, 3, 3, 3, 3, 0, 3, 0, 3, 3, 3, 4, 0, 0, 3, 3, 3, 3, 0, 0, 0, 0, 0, 9, 3, 3, 9, 0, 9, 0, 0, 0, 0, 3, 0, 9, 9, 9, 0, 9, 0, 4, 0, 0, 0, 1, 0, 0, 9, 9, 9, 3, 9, 0, 9, 9, 0, 9, 0, 9, 0, 1, 9, 0, 9, 9, 9, 9, 3, 5, 9, 3, 0, 9, 0, 9, 0, 9, 2, 9, 3, 0, 3, 0, 3, 0, 1, 4, 9, 6, 9, 5, 1, 0, 9, 3, 9, 0], "scores": [0.7383877038955688, 0.7220130562782288, 0.7138172388076782, 0.6931933164596558, 0.6869615912437439, 0.680109977722168, 0.6665111780166626, 0.6503629684448242, 0.634016215801239, 0.6025543212890625, 0.6000067591667175, 0.5936642289161682, 0.584526002407074, 0.5767382383346558, 0.5588565468788147, 0.5586868524551392, 0.5504966974258423, 0.5378174781799316, 0.5373694896697998, 0.5366947054862976, 0.5280701518058777, 0.5166754126548767, 0.5150932669639587, 0.5150243043899536, 0.5091876983642578, 0.4973140358924866, 0.4935814142227173, 0.49237897992134094, 0.4897339344024658, 0.48590579628944397, 0.48280641436576843, 0.4774699807167053, 0.4748055636882782, 0.4626547694206238, 0.45994827151298523, 0.45918992161750793, 0.44808778166770935, 0.44616755843162537, 0.4394082725048065, 0.43855273723602295, 0.4316672086715698, 0.43094727396965027, 0.4268120527267456, 0.4224463999271393, 0.41979190707206726, 0.417718768119812, 0.4172133207321167, 0.4115138649940491, 0.41102710366249084, 0.40479788184165955, 0.4046723246574402, 0.40288180112838745, 0.3972420394420624, 0.3961429297924042, 0.39444515109062195, 0.3897359073162079, 0.3845764398574829, 0.3845021724700928, 0.3840702176094055, 0.38221117854118347, 0.37780508399009705, 0.37659674882888794, 0.37415751814842224, 0.37240514159202576, 0.3721083104610443, 0.3689548671245575, 0.3636477291584015, 0.3625352382659912, 0.36218881607055664, 0.3610515594482422, 0.35882264375686646, 0.3582187592983246, 0.356003075838089, 0.3544108271598816, 0.3538971543312073, 0.35056304931640625, 0.3485841155052185, 0.3439013659954071, 0.3410821259021759, 0.34005632996559143, 0.3394882380962372, 0.33519676327705383, 0.3341398239135742, 0.33377546072006226, 0.33305633068084717, 0.3308592736721039, 0.3281812369823456, 0.32684439420700073, 0.3259495496749878, 0.32587024569511414, 0.3234948515892029, 0.3179183602333069, 0.3168260455131531, 0.3123578727245331, 0.3080325722694397, 0.2972763180732727, 0.2951982617378235, 0.29428786039352417, 0.2927825450897217, 0.28913286328315735], "bboxes": [[391.06048583984375, 273.86480712890625, 445.192626953125, 326.3646545410156], [526.5092163085938, 302.8054504394531, 626.9691772460938, 356.64276123046875], [91.66935729980469, 647.1046142578125, 327.9685363769531, 745.7168579101562], [50.14238739013672, 235.25363159179688, 124.8253402709961, 289.3955078125], [1204.8358154296875, 433.43572998046875, 1338.718017578125, 521.3591918945312], [947.01171875, 413.1615905761719, 1070.5887451171875, 491.6498718261719], [842.5615844726562, 419.5799560546875, 968.7590942382812, 506.3412170410156], [1189.3089599609375, 340.7093811035156, 1207.1810302734375, 383.1355895996094], [0.0, 270.41033935546875, 72.48242950439453, 343.81201171875], [1175.6463623046875, 347.64495849609375, 1190.0230712890625, 380.66497802734375], [476.9417419433594, 176.01600646972656, 512.7315673828125, 211.4449462890625], [481.2777099609375, 148.29368591308594, 516.2340698242188, 180.85142517089844], [304.03179931640625, 42.01102828979492, 332.4351501464844, 66.13613891601562], [502.0174560546875, 247.80699157714844, 582.0872802734375, 303.3202819824219], [601.0545654296875, 222.55133056640625, 613.2516479492188, 260.1175842285156], [615.2035522460938, 67.27439880371094, 623.3097534179688, 89.86241912841797], [1083.1043701171875, 414.25360107421875, 1181.8436279296875, 497.8119201660156], [689.5361938476562, 104.44147491455078, 750.3572998046875, 130.65386962890625], [680.34130859375, 71.7421875, 735.2255249023438, 94.84963989257812], [665.2398071289062, 19.585432052612305, 710.2498168945312, 37.25111770629883], [1098.990478515625, 379.2798767089844, 1115.072509765625, 421.5569763183594], [903.9494018554688, 155.48068237304688, 917.0274658203125, 186.88710021972656], [562.4955444335938, 204.63177490234375, 576.1194458007812, 240.8115692138672], [771.7569580078125, 173.67230224609375, 782.14599609375, 203.05250549316406], [628.0126342773438, 255.11219787597656, 645.2079467773438, 292.22265625], [1120.0811767578125, 323.8036193847656, 1147.9505615234375, 359.08795166015625], [486.42425537109375, 124.49691009521484, 518.6836547851562, 151.4154052734375], [533.06640625, 135.5619659423828, 603.8616943359375, 165.471435546875], [1139.13720703125, 269.1025085449219, 1158.9041748046875, 298.1279602050781], [573.2218627929688, 207.34022521972656, 584.1361694335938, 239.03550720214844], [959.8194580078125, 281.00164794921875, 981.266357421875, 311.8009033203125], [930.3905639648438, 228.78111267089844, 944.1351318359375, 264.36920166015625], [1039.8016357421875, 187.6112060546875, 1052.741943359375, 217.7041778564453], [949.1605834960938, 160.68482971191406, 960.9087524414062, 192.58839416503906], [1010.222412109375, 319.037109375, 1023.3950805664062, 343.034423828125], [650.62109375, 0.41552260518074036, 695.8507080078125, 14.538117408752441], [123.79603576660156, 396.5710144042969, 155.20330810546875, 447.5478820800781], [155.24746704101562, 364.87890625, 204.00267028808594, 397.16748046875], [1119.3531494140625, 267.50384521484375, 1139.4736328125, 294.8299255371094], [1169.218994140625, 269.34979248046875, 1184.684326171875, 298.32049560546875], [1003.9762573242188, 213.2641143798828, 1018.4249267578125, 247.97251892089844], [1204.324462890625, 289.0360412597656, 1232.321044921875, 315.4007568359375], [1001.0606689453125, 182.42449951171875, 1016.2366333007812, 214.84408569335938], [686.2417602539062, 32.29246139526367, 737.8441772460938, 57.61126708984375], [983.389892578125, 238.70745849609375, 998.6488647460938, 273.69580078125], [624.0562744140625, 65.34664154052734, 633.4986572265625, 89.62883758544922], [1313.2093505859375, 444.6477966308594, 1335.0408935546875, 491.5230407714844], [166.55455017089844, 351.08721923828125, 189.55503845214844, 389.8683166503906], [811.4972534179688, 189.2685546875, 822.3131103515625, 217.9909210205078], [1144.8409423828125, 212.5902099609375, 1157.6484375, 245.96133422851562], [1234.396728515625, 291.3987731933594, 1249.4833984375, 323.8581848144531], [697.6268920898438, 192.3135223388672, 724.5924682617188, 214.0404052734375], [1099.073486328125, 285.9266052246094, 1118.2982177734375, 315.76519775390625], [466.31365966796875, 206.71026611328125, 509.05767822265625, 254.18666076660156], [1280.7735595703125, 318.1297607421875, 1299.584716796875, 350.9264831542969], [1182.5184326171875, 212.2442169189453, 1196.2548828125, 242.78317260742188], [734.1531372070312, 184.87069702148438, 762.5731811523438, 205.3945770263672], [1059.5389404296875, 292.59246826171875, 1087.14306640625, 317.69830322265625], [639.0271606445312, 8.699892044067383, 645.8547973632812, 26.382980346679688], [695.7913208007812, 241.59283447265625, 724.9035034179688, 268.7586975097656], [1060.23291015625, 314.3434753417969, 1076.7606201171875, 353.2189025878906], [1265.408935546875, 263.0457458496094, 1283.111572265625, 293.6344299316406], [743.9837036132812, 70.78014373779297, 753.6917724609375, 97.37407684326172], [317.8341979980469, 149.9820556640625, 330.67657470703125, 175.69149780273438], [318.505126953125, 156.05043029785156, 330.98602294921875, 180.37884521484375], [964.2482299804688, 168.0034637451172, 977.308837890625, 198.4009552001953], [646.4862060546875, 201.29830932617188, 670.1656494140625, 224.6204071044922], [772.1048583984375, 262.70648193359375, 794.2972412109375, 295.03533935546875], [705.4011840820312, 164.5116424560547, 730.3472290039062, 183.93002319335938], [832.5620727539062, 199.24014282226562, 857.1132202148438, 220.49411010742188], [695.3749389648438, 93.47331237792969, 752.5676879882812, 117.72150421142578], [777.1159057617188, 248.2428436279297, 906.83349609375, 371.17596435546875], 