{"labels": [3, 3, 3, 3, 3, 3, 3, 0, 0, 4, 0, 3, 0, 3, 0, 0, 3, 0, 3, 0, 6, 9, 9, 0, 0, 9, 3, 0, 3, 1, 0, 6, 0, 9, 9, 1, 9, 0, 0, 0, 0, 9, 1, 6, 9, 9, 9, 9, 3, 9, 0, 9, 9, 3, 3, 9, 9, 0, 1, 1, 0, 1, 9, 0, 1, 0, 0, 9, 7, 7, 9, 1, 9, 0, 1, 0, 0, 1, 9, 1, 9, 9, 1, 3, 9, 1, 2, 0, 0, 1, 0, 9, 1, 6, 0, 9, 1, 2, 1, 0], "scores": [0.8958773612976074, 0.8946264386177063, 0.8676514029502869, 0.8228659629821777, 0.8210305571556091, 0.81109219789505, 0.7932378649711609, 0.7883718013763428, 0.7763952612876892, 0.7742933630943298, 0.7679875493049622, 0.7458831071853638, 0.7407429218292236, 0.7363870739936829, 0.7280446887016296, 0.7265387773513794, 0.6828249096870422, 0.6782515645027161, 0.6720436215400696, 0.6617560982704163, 0.6591907739639282, 0.6569765210151672, 0.6413584351539612, 0.6316816806793213, 0.6197777986526489, 0.6060386300086975, 0.6035333275794983, 0.6031132340431213, 0.6030781269073486, 0.601557195186615, 0.5890823006629944, 0.5882299542427063, 0.5812211036682129, 0.5773590207099915, 0.5660650134086609, 0.5652846097946167, 0.5572039484977722, 0.550281822681427, 0.550254762172699, 0.5375197529792786, 0.5341262817382812, 0.5331017374992371, 0.5325156450271606, 0.5287076234817505, 0.520304799079895, 0.5201639533042908, 0.5150740146636963, 0.5024932026863098, 0.5012200474739075, 0.49991917610168457, 0.48973289132118225, 0.4842856824398041, 0.4758889973163605, 0.47584766149520874, 0.4686773121356964, 0.4665602445602417, 0.46633875370025635, 0.4633590579032898, 0.4618496596813202, 0.457699716091156, 0.45620280504226685, 0.4562007784843445, 0.45512381196022034, 0.4545775055885315, 0.45244938135147095, 0.4502374827861786, 0.44958391785621643, 0.4459798038005829, 0.44465363025665283, 0.4404614567756653, 0.43623247742652893, 0.43406760692596436, 0.432542622089386, 0.428573340177536, 0.42760053277015686, 0.42598530650138855, 0.42571941018104553, 0.42458704113960266, 0.42449119687080383, 0.42301252484321594, 0.41737523674964905, 0.414699524641037, 0.41328006982803345, 0.4087608754634857, 0.40459132194519043, 0.40286776423454285, 0.4015762209892273, 0.4001695215702057, 0.3931334614753723, 0.3906088173389435, 0.38634344935417175, 0.3829948306083679, 0.3816116750240326, 0.3777247965335846, 0.37534549832344055, 0.3747877776622772, 0.37063100934028625, 0.3700472414493561, 0.365981787443161, 0.36433348059654236], "bboxes": [[665.3699340820312, 629.0419921875, 782.4306640625, 732.118408203125], [899.5618896484375, 563.9520263671875, 995.81591796875, 638.5853271484375], [628.32080078125, 582.7003784179688, 724.7230224609375, 662.0718383789062], [558.1433715820312, 718.8665771484375, 688.601318359375, 828.9801635742188], [292.5509338378906, 181.6809844970703, 372.9910888671875, 221.54364013671875], [1039.673583984375, 428.62493896484375, 1134.9588623046875, 472.7606201171875], [1053.2301025390625, 522.3872680664062, 1143.3111572265625, 605.0850830078125], [391.244384765625, 720.8739624023438, 414.6402282714844, 768.30224609375], [360.5999755859375, 551.395263671875, 383.88189697265625, 595.5807495117188], [950.30615234375, 598.1109619140625, 1034.869140625, 683.136474609375], [333.6125793457031, 561.856201171875, 353.9468078613281, 595.201416015625], [468.5210266113281, 213.8042755126953, 538.2700805664062, 254.97645568847656], [583.597900390625, 819.4871826171875, 607.0315551757812, 863.6307983398438], [384.9892883300781, 914.5462036132812, 552.1560668945312, 1062.654541015625], [557.9859619140625, 705.132080078125, 582.6141357421875, 753.96533203125], [366.29644775390625, 722.0406494140625, 388.9307861328125, 767.38134765625], [117.19551849365234, 150.2601318359375, 182.294677734375, 182.2512664794922], [800.7987060546875, 470.4769592285156, 814.4324340820312, 506.8660888671875], [1051.2724609375, 464.05633544921875, 1167.221435546875, 517.7021484375], [836.9215698242188, 251.9279022216797, 851.6071166992188, 282.6045227050781], [747.6890258789062, 691.7997436523438, 798.9057006835938, 752.19091796875], [884.7117919921875, 675.2362670898438, 917.4822998046875, 715.1306762695312], [267.1606750488281, 924.3458251953125, 321.1222839355469, 960.3115234375], [409.7367248535156, 890.1825561523438, 433.8084411621094, 946.822021484375], [860.1117553710938, 314.5013122558594, 874.2752075195312, 349.8601989746094], [1143.9903564453125, 984.2277221679688, 1195.345947265625, 1038.9697265625], [99.84140014648438, 257.82525634765625, 195.2054901123047, 323.6156311035156], [231.50611877441406, 922.0692749023438, 256.013671875, 968.7733154296875], [17.688310623168945, 138.09710693359375, 100.09703826904297, 175.25289916992188], [759.2199096679688, 826.0982666015625, 783.0792236328125, 871.076904296875], [1130.83935546875, 308.26129150390625, 1144.3017578125, 342.4953308105469], [741.1039428710938, 923.1828002929688, 855.3805541992188, 998.964111328125], [1114.281982421875, 306.3865051269531, 1126.52392578125, 340.978759765625], [866.0691528320312, 607.7293090820312, 885.5650024414062, 641.0371704101562], [716.4342041015625, 438.0948791503906, 757.7636108398438, 466.62615966796875], [858.5001220703125, 644.9404296875, 876.8848876953125, 680.8395385742188], [888.8052978515625, 428.14617919921875, 926.1500244140625, 454.94940185546875], [557.6011962890625, 595.2675170898438, 577.1950073242188, 633.3046875], [1390.7991943359375, 446.20367431640625, 1407.7506103515625, 478.57220458984375], [399.4632263183594, 864.5838623046875, 423.4781188964844, 917.5684814453125], [558.8483276367188, 924.65869140625, 581.663818359375, 972.201416015625], [616.9193725585938, 399.352294921875, 641.2970581054688, 436.4006652832031], [867.3494873046875, 596.4699096679688, 885.2463989257812, 627.1798095703125], [1032.063232421875, 380.0877685546875, 1100.064697265625, 422.7115478515625], [254.4897003173828, 683.216552734375, 315.9010009765625, 718.422119140625], [813.2186279296875, 456.1661071777344, 862.0826416015625, 489.7525634765625], [1148.0545654296875, 367.5435791015625, 1178.3414306640625, 395.1780090332031], [803.2257080078125, 683.0685424804688, 826.7277221679688, 746.2616577148438], [1586.93994140625, 465.6470947265625, 1673.676025390625, 508.6400451660156], [499.768798828125, 855.8048706054688, 530.6138916015625, 899.7783813476562], [1100.305908203125, 275.7391357421875, 1111.841796875, 308.1724853515625], [227.17752075195312, 340.74798583984375, 282.9599304199219, 371.65966796875], [691.4991455078125, 282.8955993652344, 722.644287109375, 309.27349853515625], [1064.146484375, 484.7955627441406, 1158.797119140625, 523.6317749023438], [202.3336639404297, 283.92938232421875, 298.488525390625, 337.7441101074219], [1132.6964111328125, 417.2708740234375, 1174.5072021484375, 445.21923828125], [758.439697265625, 836.6959228515625, 797.8360595703125, 888.4683227539062], [847.0175170898438, 884.2600708007812, 870.0756225585938, 928.2721557617188], [725.6061401367188, 428.0790100097656, 744.8424072265625, 461.3447265625], [508.1737060546875, 851.2314453125, 529.636962890625, 895.411376953125], [1353.9625244140625, 399.5545349121094, 1368.697021484375, 431.77630615234375], [320.3739318847656, 222.9519805908203, 341.7630615234375, 248.1407470703125], [946.3444213867188, 350.44586181640625, 972.1414184570312, 377.66278076171875], [179.9552001953125, 981.922119140625, 217.1285400390625, 1037.048095703125], [887.572021484375, 669.5023803710938, 910.5197143554688, 709.34423828125], [1130.8165283203125, 280.09503173828125, 1143.985107421875, 310.71099853515625], [277.62744140625, 980.7859497070312, 303.98651123046875, 1035.1754150390625], [857.0498657226562, 655.135498046875, 876.5927124023438, 691.14501953125], [1031.8194580078125, 377.6004638671875, 1100.4949951171875, 423.6400451660156], [741.0809936523438, 916.744140625, 854.8580932617188, 1001.8511962890625], [636.8294677734375, 249.64944458007812, 665.0789794921875, 277.29412841796875], [210.01092529296875, 849.5231323242188, 232.8754119873047, 891.0510864257812], [319.13861083984375, 227.27975463867188, 343.50408935546875, 250.3615264892578], 