{"labels": [3, 3, 3, 3, 4, 0, 3, 3, 3, 3, 3, 0, 3, 3, 0, 0, 0, 9, 0, 0, 0, 9, 9, 0, 0, 0, 0, 0, 9, 0, 3, 9, 9, 9, 9, 0, 2, 9, 0, 9, 0, 9, 1, 9, 6, 1, 1, 0, 9, 1, 0, 9, 9, 0, 6, 9, 3, 1, 0, 9, 9, 0, 9, 1, 0, 0, 6, 4, 7, 9, 1, 9, 2, 9, 0, 9, 0, 1, 9, 2, 9, 0, 1, 1, 9, 9, 1, 0, 0, 0, 1, 9, 9, 9, 0, 9, 1, 9, 0, 1], "scores": [0.8658899068832397, 0.8573002219200134, 0.8553338646888733, 0.8541123270988464, 0.8178562521934509, 0.8092604279518127, 0.7967969179153442, 0.7838538289070129, 0.7729408740997314, 0.770396888256073, 0.7655476331710815, 0.7632452845573425, 0.7563650608062744, 0.7535361647605896, 0.7457779049873352, 0.7432798743247986, 0.7362964153289795, 0.721832275390625, 0.7130937576293945, 0.6822435855865479, 0.6746647953987122, 0.674273669719696, 0.6636010408401489, 0.6583993434906006, 0.6554272770881653, 0.638364851474762, 0.635624885559082, 0.6331982612609863, 0.6319988369941711, 0.6141151785850525, 0.606756865978241, 0.6033797264099121, 0.6029011607170105, 0.5977688431739807, 0.5899856090545654, 0.5885347723960876, 0.5867162346839905, 0.5780473351478577, 0.571911633014679, 0.5668842792510986, 0.5655552744865417, 0.5602825880050659, 0.5593829154968262, 0.557498037815094, 0.556658148765564, 0.5531085729598999, 0.5503036975860596, 0.5491703152656555, 0.5391377210617065, 0.5334680080413818, 0.5240162014961243, 0.5188592076301575, 0.5155608057975769, 0.5149953365325928, 0.5069922208786011, 0.5061191916465759, 0.4938688278198242, 0.4846855700016022, 0.4821089208126068, 0.4787333011627197, 0.4779203236103058, 0.47418180108070374, 0.4684024751186371, 0.46663254499435425, 0.4635004699230194, 0.46045687794685364, 0.45639723539352417, 0.44465652108192444, 0.44421201944351196, 0.4423335790634155, 0.44149675965309143, 0.4394223988056183, 0.43663865327835083, 0.4240941107273102, 0.4206540882587433, 0.4203173816204071, 0.4202854037284851, 0.41991493105888367, 0.417708158493042, 0.4112797677516937, 0.40796005725860596, 0.403516560792923, 0.4033421576023102, 0.4023181200027466, 0.3992208242416382, 0.3987300992012024, 0.3959123194217682, 0.39284196496009827, 0.38954195380210876, 0.3881671726703644, 0.38451269268989563, 0.3844957649707794, 0.38201385736465454, 0.37970274686813354, 0.37894725799560547, 0.37665224075317383, 0.37540215253829956, 0.37511274218559265, 0.3728407323360443, 0.37142273783683777], "bboxes": [[559.1099853515625, 719.4275512695312, 688.2445068359375, 827.3385009765625], [627.6962890625, 582.2447509765625, 724.4451293945312, 662.9842529296875], [664.0584106445312, 629.3307495117188, 782.341552734375, 730.0403442382812], [897.7123413085938, 564.2420043945312, 995.44091796875, 639.493408203125], [949.8021850585938, 597.8603515625, 1035.87939453125, 683.5343017578125], [583.7188110351562, 819.204833984375, 607.5289306640625, 863.1980590820312], [292.1158752441406, 181.85977172851562, 373.2403869628906, 221.1990203857422], [1039.42333984375, 429.3127746582031, 1155.3846435546875, 475.5087890625], [115.60317993164062, 149.87399291992188, 182.43605041503906, 183.88491821289062], [1052.81005859375, 522.96533203125, 1143.7021484375, 604.330322265625], [378.7738037109375, 916.1004638671875, 549.8147583007812, 1061.763671875], [391.06781005859375, 720.201904296875, 414.8421325683594, 768.5657348632812], [20.403841018676758, 137.7382049560547, 98.05030822753906, 174.34066772460938], [1049.93017578125, 466.16705322265625, 1169.505859375, 516.65771484375], [560.31005859375, 924.0653686523438, 582.58642578125, 972.0150756835938], [362.3190002441406, 551.2890625, 384.55340576171875, 595.3733520507812], [332.7530517578125, 560.8505249023438, 353.3598327636719, 594.6682739257812], [267.12200927734375, 924.6422729492188, 322.5754089355469, 961.1494140625], [366.224365234375, 721.7986450195312, 389.3858947753906, 766.781494140625], [558.4013061523438, 705.402587890625, 582.673583984375, 753.835205078125], [177.74635314941406, 988.7308349609375, 218.00315856933594, 1037.2274169921875], [884.3135375976562, 672.6334838867188, 919.9638671875, 715.3828125], [803.4635009765625, 691.5281372070312, 826.8911743164062, 746.3521118164062], [837.0480346679688, 251.4393310546875, 851.255615234375, 282.1675720214844], [860.4970703125, 314.79388427734375, 874.7664184570312, 350.6754455566406], [1131.0537109375, 305.6685791015625, 1145.920166015625, 342.6012878417969], [230.7137451171875, 921.8355102539062, 256.12451171875, 967.3335571289062], [1113.12646484375, 307.6371765136719, 1126.1839599609375, 340.79302978515625], [256.5779724121094, 679.14892578125, 323.9306640625, 717.1016845703125], [407.4330749511719, 892.1067504882812, 430.0862121582031, 938.5676879882812], [469.0374755859375, 214.3158416748047, 537.0411376953125, 255.1608428955078], [691.545654296875, 287.496826171875, 723.1843872070312, 311.0581970214844], [615.9794921875, 401.31732177734375, 641.3421630859375, 437.66278076171875], [1132.802001953125, 419.76446533203125, 1172.132080078125, 444.8087463378906], [637.4414672851562, 250.98252868652344, 665.9540405273438, 278.139892578125], [800.13427734375, 470.23797607421875, 815.29638671875, 506.3222351074219], [758.1229248046875, 838.14990234375, 799.4659423828125, 888.8240356445312], [884.9754638671875, 426.23956298828125, 925.2398071289062, 454.8963317871094], [1101.2178955078125, 278.52056884765625, 1113.458740234375, 310.27447509765625], [767.7814331054688, 283.6133117675781, 786.1588134765625, 312.38775634765625], [1390.5899658203125, 445.25048828125, 1407.59130859375, 478.53802490234375], [817.631591796875, 459.711181640625, 860.4451293945312, 490.4344482421875], [858.7472534179688, 645.7142944335938, 877.57666015625, 682.0338134765625], [716.8380737304688, 438.4580383300781, 758.1030883789062, 467.2328796386719], [739.4439697265625, 915.7626342773438, 854.6590576171875, 995.5787353515625], [845.3611450195312, 883.7142333984375, 869.0117797851562, 928.4527587890625], [758.562744140625, 824.677490234375, 781.2122192382812, 870.8402099609375], [400.9280700683594, 865.656005859375, 425.1875305175781, 918.6516723632812], [857.5009155273438, 656.3521118164062, 878.4458618164062, 691.1176147460938], [867.3446655273438, 594.7298583984375, 886.7189331054688, 629.8287353515625], [1353.9561767578125, 400.10247802734375, 1369.8389892578125, 433.6013488769531], [1147.141845703125, 365.24365234375, 1177.1419677734375, 395.3485412597656], [727.6589965820312, 266.95709228515625, 751.5913696289062, 299.5638122558594], [1131.5185546875, 278.98065185546875, 1144.244873046875, 310.8201599121094], [1031.57177734375, 379.8646545410156, 1101.0008544921875, 421.83160400390625], [897.5725708007812, 561.3263549804688, 935.0496215820312, 592.3212890625], [92.87835693359375, 267.0494689941406, 194.9505615234375, 321.8653564453125], [805.0009155273438, 683.576171875, 825.86865234375, 721.4359741210938], [279.0946960449219, 980.8231811523438, 302.48651123046875, 1032.3939208984375], [865.5379638671875, 606.5924072265625, 887.7592163085938, 638.3168334960938], [151.3289337158203, 961.15478515625, 196.5791778564453, 988.1122436523438], [998.7903442382812, 354.81170654296875, 1014.7628784179688, 389.7958068847656], [245.97174072265625, 356.57635498046875, 289.75799560546875, 385.14447021484375], [727.9368286132812, 427.0964660644531, 744.9830932617188, 457.4402770996094], [1059.5224609375, 323.1432189941406, 1077.6236572265625, 357.2732849121094], [836.659912109375, 325.5732727050781, 853.3033447265625, 355.35882568359375], [747.7450561523438, 690.961181640625, 800.353515625, 753.1322631835938], [1588.4481201171875, 458.115966796875, 1675.6044921875, 511.4161376953125], [739.4439697265625, 915.7626342773438, 854.6590576171875, 995.5787353515625], [1462.98388671875, 401.10382080078125, 1486.2847900390625, 440.5746765136719], [320.27545166015625, 223.9645233154297, 339.985107421875, 246.24427795410156], [834.0094604492188, 346.61505126953125, 863.4132080078125, 370.5708923339844], [995.211181640625, 374.4583435058594, 1016.3310546875, 396.7730712890625], [318.6736755371094, 